{
    "metadata":{
        "faces":31,
        "version":3,
        "type":"Geometry",
        "vertices":62,
        "uvs":1,
        "generator":"io_three",
        "normals":10
    },
    "faces":[41,57,58,30,32,0,1,2,3,0,0,0,0,41,36,40,59,56,3,2,4,5,1,1,1,1,41,37,41,39,35,3,2,4,5,2,2,2,2,40,38,60,42,3,6,2,3,3,3,40,60,38,33,6,3,0,3,3,3,41,4,0,3,6,9,10,7,8,4,4,4,4,40,60,33,43,6,0,11,3,3,3,40,43,33,45,11,0,12,3,3,3,40,10,34,11,12,0,13,5,3,6,40,31,11,34,1,13,0,3,6,3,40,31,12,11,1,14,13,3,7,6,40,42,12,31,2,14,1,3,7,3,40,12,42,60,14,2,6,7,3,3,40,12,60,13,14,6,15,7,3,8,41,13,61,49,15,16,17,18,19,8,0,0,4,41,8,44,50,48,20,21,22,23,9,9,9,9,41,17,51,9,10,24,25,17,16,4,2,2,5,41,14,16,17,15,6,11,12,15,3,3,4,4,41,17,15,28,54,26,27,28,29,4,4,1,1,40,13,15,17,20,30,31,8,4,4,40,10,46,52,21,32,33,5,4,4,40,13,17,10,20,31,21,8,4,5,40,10,52,13,21,33,20,5,4,8,41,55,11,10,17,34,35,16,19,0,6,5,4,41,19,29,12,11,22,23,20,21,9,9,7,6,41,15,13,12,18,24,16,35,36,4,8,7,2,41,12,13,53,25,35,16,37,38,7,8,2,2,41,21,47,26,24,15,12,13,14,3,3,3,3,41,10,11,27,20,16,35,39,40,5,6,0,0,41,11,12,22,23,21,20,41,42,6,7,9,9,41,7,2,1,5,2,43,44,1,9,9,9,9],
    "name":"Mesh1 Group1 ModelGeometry",
    "vertices":[1,0.625,-1,1,0,-1,0,0,-1,0,0.625,-1,1,0.625,0,1,0,0,0,0.625,0,0,0,0,0,0.5,-0.5625,0,0.5,-0.875,0,0.12,-0.875,0,0.06,-0.875,0,0.06,-0.5625,0,0.12,-0.5625,0.1,0.5,-0.5625,0.1,0.12,-0.5625,0.1,0.5,-0.875,0.1,0.12,-0.875,0.1,0.06,-0.5625,0.1,0.06,-0.875,-0.05,0.12,-0.875,-0.05,0.12,-0.5625,-0.05,0.06,-0.5625,-0.05,0.06,-0.875,-0.05,0.06,-0.5625,-0.05,0.06,-0.5625,-0.05,0.06,-0.875,-0.05,0.06,-0.875,0.1,0.06,-0.5625,0.1,0.06,-0.5625,0,0,-1,0,0,-1,0,0.625,-1,0,0.625,-1,0,0.625,-1,1,0.625,0,1,0.625,0,0,0.625,0,0,0.625,0,1,0,0,1,0,0,0,0,0,0,0,0,0,0.5,-0.875,0,0.5,-0.875,0,0.12,-0.875,-0.05,0.12,-0.875,-0.05,0.12,-0.875,0.1,0.5,-0.5625,0.1,0.5,-0.5625,0.1,0.5,-0.875,0.1,0.5,-0.875,-0.05,0.12,-0.5625,-0.05,0.12,-0.5625,0.1,0.06,-0.875,0.1,0.06,-0.875,1,0.625,-1,1,0.625,-1,1,0,-1,1,0,-1,0,0.5,-0.5625,0,0.5,-0.5625],
    "uvs":[[-39.3701,24.6063,-39.3701,0,0,0,0,24.6063,39.3701,0,39.3701,24.6063,-22.1457,19.685,0,39.3701,0,-0,39.3701,-0,39.3701,39.3701,-34.4488,19.685,-34.4488,4.72441,-34.4488,2.3622,-22.1457,2.3622,-22.1457,4.72441,0,4.72441,0,19.685,-3.93701,19.685,-3.93701,4.72441,0,22.1457,0,34.4488,-3.93701,34.4488,-3.93701,22.1457,3.93701,4.72441,3.93701,19.685,34.4488,4.72441,22.1457,4.72441,22.1457,2.3622,34.4488,2.3622,3.93701,22.1457,3.93701,34.4488,-1.9685,34.4488,-1.9685,22.1457,-3.93701,2.3622,0,2.3622,3.93701,2.3622,-1.9685,4.72441,-1.9685,2.3622,1.9685,2.3622,1.9685,4.72441,1.9685,22.1457,1.9685,34.4488,0,39.3701,-39.3701,39.3701]],
    "normals":[0,-1,-0,1,0,-0,0,1,-0,-1,0,-0,0,0,-1,-0.636525,-0.34489,-0.68981,-0.727592,-0.485061,0.485061,-0.727592,0.485061,0.485061,0,0.832026,-0.554674,0,0,1]
}